order_id,gross_cents,paid_cents,refund_cents,net_cents
1,4073,4073,0,4073
2,3073,3073,0,3073
3,5516,5516,0,5516
4,5016,5016,0,5016
5,6737,6737,0,6737
6,3683,3683,0,3683
7,3629,3629,0,3629
8,2777,2777,0,2777
9,5072,5072,0,5072
10,4646,4646,0,4646
11,6293,6293,899,5394
12,3461,3461,0,3461
13,4665,0,0,0
14,2481,2481,0,2481
15,4628,4628,0,4628
16,4276,4276,0,4276
17,5849,0,0,0
18,3239,3239,0,3239
19,7181,7181,0,7181
20,2185,2185,0,2185
21,4184,4184,0,4184
22,3906,3906,558,3348
23,5405,5405,0,5405
24,3017,3017,0,3017
25,6737,6737,0,6737
26,4849,0,0,0
27,3740,3740,0,3740
28,3536,3536,0,3536
29,4961,4961,0,4961
30,2795,2795,0,2795
31,6293,6293,0,6293
32,4553,4553,0,4553
33,4036,4036,576,3460
34,3166,0,0,0
35,4517,4517,0,4517
36,2573,2573,0,2573
37,5849,5849,0,5849
38,4257,4257,0,4257
39,7292,0,0,0
40,2796,2796,0,2796
41,4073,4073,0,4073
42,2351,2351,0,2351
43,5405,5405,0,5405
44,3961,3961,565,3396
45,6848,6848,0,6848
46,6126,6126,0,6126
47,3629,3629,0,3629
48,2129,2129,0,2129
49,4961,4961,0,4961
50,3665,3665,0,3665
51,6404,0,0,0
52,5756,0,0,0
53,5405,5405,0,5405
54,1907,1907,0,1907
55,4517,4517,645,3872
56,3369,3369,0,3369
57,5960,5960,0,5960
58,5386,5386,0,5386
59,7181,7181,0,7181
60,1685,1685,0,1685
61,4073,4073,0,4073
62,3073,3073,0,3073
63,5516,5516,0,5516
64,5016,5016,0,5016
65,6737,0,0,0
66,3683,3683,526,3157
67,3629,3629,0,3629
68,2777,0,0,0
69,5072,5072,0,5072
70,4646,4646,0,4646
71,6293,6293,0,6293
72,3461,3461,0,3461
73,4665,4665,0,4665
74,2481,2481,0,2481
75,4628,4628,0,4628
76,4276,4276,0,4276
77,5849,5849,835,5014
78,3239,0,0,0
79,7181,7181,0,7181
80,2185,2185,0,2185
81,4184,4184,0,4184
82,3906,3906,0,3906
83,5405,5405,0,5405
84,3017,3017,0,3017
85,6737,0,0,0
86,4849,4849,0,4849
87,3740,3740,0,3740
88,3536,3536,505,3031
89,4961,4961,0,4961
90,2795,2795,0,2795
91,6293,0,0,0
92,4553,4553,0,4553
93,4036,4036,0,4036
94,3166,3166,0,3166
95,4517,4517,0,4517
96,2573,2573,0,2573
97,5849,5849,0,5849
98,4257,4257,0,4257
99,7292,7292,1041,6251
100,2796,2796,0,2796
101,4073,4073,0,4073
102,2351,0,0,0
103,5405,5405,0,5405
104,3961,0,0,0
105,6848,6848,0,6848
106,6126,6126,0,6126
107,3629,3629,0,3629
108,2129,2129,0,2129
109,4961,4961,0,4961
110,3665,3665,523,3142
111,6404,6404,0,6404
112,5756,5756,0,5756
113,5405,5405,0,5405
114,1907,1907,0,1907
115,4517,4517,0,4517
116,3369,3369,0,3369
117,5960,0,0,0
118,5386,5386,0,5386
119,7181,0,0,0
120,1685,1685,0,1685
121,4073,4073,581,3492
122,3073,3073,0,3073
123,5516,5516,0,5516
124,5016,5016,0,5016
125,6737,6737,0,6737
126,3683,3683,0,3683
127,3629,3629,0,3629
128,2777,2777,0,2777
129,5072,5072,0,5072
130,4646,0,0,0
131,6293,6293,0,6293
132,3461,3461,494,2967
133,4665,4665,0,4665
134,2481,2481,0,2481
135,4628,4628,0,4628
136,4276,0,0,0
137,5849,5849,0,5849
138,3239,3239,0,3239
139,7181,7181,0,7181
140,2185,2185,0,2185
141,4184,4184,0,4184
142,3906,3906,0,3906
143,5405,0,0,0
144,3017,3017,0,3017
145,6737,6737,0,6737
146,4849,4849,0,4849
147,3740,3740,0,3740
148,3536,3536,0,3536
149,4961,4961,0,4961
150,2795,2795,0,2795
151,6293,6293,0,6293
152,4553,4553,0,4553
153,4036,0,0,0
154,3166,3166,452,2714
155,4517,4517,0,4517
156,2573,0,0,0
157,5849,5849,0,5849
158,4257,4257,0,4257
159,7292,7292,0,7292
160,2796,2796,0,2796
161,4073,4073,0,4073
162,2351,2351,0,2351
163,5405,5405,0,5405
164,3961,3961,0,3961
165,6848,6848,978,5870
166,6126,6126,0,6126
167,3629,3629,0,3629
168,2129,2129,0,2129
169,4961,0,0,0
170,3665,0,0,0
171,6404,6404,0,6404
172,5756,5756,0,5756
173,5405,5405,0,5405
174,1907,1907,0,1907
175,4517,4517,0,4517
176,3369,3369,481,2888
177,5960,5960,0,5960
178,5386,5386,0,5386
179,7181,7181,0,7181
180,1685,1685,0,1685
181,4073,4073,0,4073
182,3073,0,0,0
183,5516,5516,0,5516
184,5016,5016,0,5016
185,6737,6737,0,6737
186,3683,3683,0,3683
187,3629,0,0,0
188,2777,2777,0,2777
189,5072,5072,0,5072
190,4646,4646,0,4646
191,6293,6293,0,6293
192,3461,3461,0,3461
193,4665,4665,0,4665
194,2481,2481,0,2481
195,4628,0,0,0
196,4276,4276,0,4276
197,5849,5849,0,5849
198,3239,3239,462,2777
199,7181,7181,0,7181
200,2185,2185,0,2185
