customer_id,order_count,gross_cents,net_cents
1,4,15956,15956
2,5,23657,18992
3,4,18584,13735
4,4,17288,9996
5,5,22769,13384
6,5,19289,12029
7,4,14920,11105
8,5,24841,14272
9,5,21065,17104
10,4,15512,9552
11,4,18696,7313
12,5,20621,15216
13,4,16844,13745
14,4,20324,12197
15,5,20177,17104
16,5,20584,15956
17,4,18992,18992
18,4,18584,18103
19,5,22360,21319
20,4,19140,18582
21,4,17104,13439
22,5,20436,20436
23,5,25044,25044
24,4,18584,11403
25,4,15512,15018
26,5,23342,22697
27,4,17844,15067
28,4,16844,16844
29,5,25340,25340
30,5,22953,17104
31,4,15956,14978
32,4,18992,18487
33,5,24877,23978
34,4,17288,17288
35,4,19140,19140
36,5,23841,23841
37,5,18159,13661
38,4,20768,20187
39,4,18584,18019
40,5,18973,16622
41,4,18696,18696
42,4,17844,17844
43,5,20527,14123
44,5,27505,27053
45,4,17104,16269
46,0,0,0
47,0,0,0
48,0,0,0
49,0,0,0
50,0,0,0
