order_date,order_count,gross_cents,net_cents
2026-01-01,7,24268,24268
2026-01-02,8,42130,30432
2026-01-03,8,28820,24693
2026-01-04,8,46237,40832
2026-01-05,8,29117,28612
2026-01-06,7,37909,31373
2026-01-07,7,24859,21693
2026-01-08,7,35393,21919
2026-01-09,7,23509,23028
2026-01-10,7,36688,29370
2026-01-11,7,27006,26480
2026-01-12,7,40721,32530
2026-01-13,7,22861,20084
2026-01-14,7,34505,25804
2026-01-15,7,23657,20132
2026-01-16,7,37280,36239
2026-01-17,7,24860,21722
2026-01-18,7,39093,33244
2026-01-19,7,26783,19786
2026-01-20,7,38057,34428
2026-01-21,7,21585,17130
2026-01-22,7,35652,34817
2026-01-23,7,26414,22617
2026-01-24,7,38945,32541
2026-01-25,7,24785,14753
2026-01-26,7,38649,37671
2026-01-27,7,26173,20801
2026-01-28,7,35504,30231
