payment_id,order_id,amount_cents
1,1,4073
2,2,3073
3,3,5516
4,4,5016
5,5,3368
6,5,3369
7,6,3683
8,7,3629
9,8,2777
10,9,5072
11,10,2323
12,10,2323
13,11,6293
14,12,3461
15,14,2481
16,15,2314
17,15,2314
18,16,4276
19,18,3239
20,19,7181
21,20,1092
22,20,1093
23,21,4184
24,22,3906
25,23,5405
26,24,3017
27,25,3368
28,25,3369
29,27,3740
30,28,3536
31,29,4961
32,30,1397
33,30,1398
34,31,6293
35,32,4553
36,33,4036
37,35,2258
38,35,2259
39,36,2573
40,37,5849
41,38,4257
42,40,1398
43,40,1398
44,41,4073
45,42,2351
46,43,5405
47,44,3961
48,45,3424
49,45,3424
50,46,6126
51,47,3629
52,48,2129
53,49,4961
54,50,1832
55,50,1833
56,53,5405
57,54,1907
58,55,2258
59,55,2259
60,56,3369
61,57,5960
62,58,5386
63,59,7181
64,60,842
65,60,843
66,61,4073
67,62,3073
68,63,5516
69,64,5016
70,66,3683
71,67,3629
72,69,5072
73,70,2323
74,70,2323
75,71,6293
76,72,3461
77,73,4665
78,74,2481
79,75,2314
80,75,2314
81,76,4276
82,77,5849
83,79,7181
84,80,1092
85,80,1093
86,81,4184
87,82,3906
88,83,5405
89,84,3017
90,86,4849
91,87,3740
92,88,3536
93,89,4961
94,90,1397
95,90,1398
96,92,4553
97,93,4036
98,94,3166
99,95,2258
100,95,2259
101,96,2573
102,97,5849
103,98,4257
104,99,7292
105,100,1398
106,100,1398
107,101,4073
108,103,5405
109,105,3424
110,105,3424
111,106,6126
112,107,3629
113,108,2129
114,109,4961
115,110,1832
116,110,1833
117,111,6404
118,112,5756
119,113,5405
120,114,1907
121,115,2258
122,115,2259
123,116,3369
124,118,5386
125,120,842
126,120,843
127,121,4073
128,122,3073
129,123,5516
130,124,5016
131,125,3368
132,125,3369
133,126,3683
134,127,3629
135,128,2777
136,129,5072
137,131,6293
138,132,3461
139,133,4665
140,134,2481
141,135,2314
142,135,2314
143,137,5849
144,138,3239
145,139,7181
146,140,1092
147,140,1093
148,141,4184
149,142,3906
150,144,3017
151,145,3368
152,145,3369
153,146,4849
154,147,3740
155,148,3536
156,149,4961
157,150,1397
158,150,1398
159,151,6293
160,152,4553
161,154,3166
162,155,2258
163,155,2259
164,157,5849
165,158,4257
166,159,7292
167,160,1398
168,160,1398
169,161,4073
170,162,2351
171,163,5405
172,164,3961
173,165,3424
174,165,3424
175,166,6126
176,167,3629
177,168,2129
178,171,6404
179,172,5756
180,173,5405
181,174,1907
182,175,2258
183,175,2259
184,176,3369
185,177,5960
186,178,5386
187,179,7181
188,180,842
189,180,843
190,181,4073
191,183,5516
192,184,5016
193,185,3368
194,185,3369
195,186,3683
196,188,2777
197,189,5072
198,190,2323
199,190,2323
200,191,6293
201,192,3461
202,193,4665
203,194,2481
204,196,4276
205,197,5849
206,198,3239
207,199,7181
208,200,1092
209,200,1093
