customer_id,customer_name,region,referrer_id
1,synthetic_001,south,
2,synthetic_002,east,
3,synthetic_003,west,2
4,synthetic_004,north,
5,synthetic_005,south,
6,synthetic_006,east,5
7,synthetic_007,west,
8,synthetic_008,north,
9,synthetic_009,south,8
10,synthetic_010,east,
11,synthetic_011,west,
12,synthetic_012,north,11
13,synthetic_013,south,
14,synthetic_014,east,
15,synthetic_015,west,14
16,synthetic_016,north,
17,synthetic_017,south,
18,synthetic_018,east,17
19,synthetic_019,west,
20,synthetic_020,north,
21,synthetic_021,south,20
22,synthetic_022,east,
23,synthetic_023,west,
24,synthetic_024,north,23
25,synthetic_025,south,
26,synthetic_026,east,
27,synthetic_027,west,26
28,synthetic_028,north,
29,synthetic_029,south,
30,synthetic_030,east,29
31,synthetic_031,west,
32,synthetic_032,north,
33,synthetic_033,south,32
34,synthetic_034,east,
35,synthetic_035,west,
36,synthetic_036,north,35
37,synthetic_037,south,
38,synthetic_038,east,
39,synthetic_039,west,38
40,synthetic_040,north,
41,synthetic_041,south,
42,synthetic_042,east,41
43,synthetic_043,west,
44,synthetic_044,north,
45,synthetic_045,south,44
46,synthetic_046,east,
47,synthetic_047,west,
48,synthetic_048,north,47
49,synthetic_049,south,
50,synthetic_050,east,
