line_id,order_id,product_id,quantity,unit_cents
1,1,4,2,648
2,1,5,3,685
3,1,6,1,722
4,2,7,3,759
5,2,8,1,796
6,3,10,1,870
7,3,11,2,907
8,3,12,3,944
9,4,13,2,981
10,4,14,3,1018
11,5,16,3,1092
12,5,17,1,1129
13,5,18,2,1166
14,6,19,1,1203
15,6,20,2,1240
16,7,2,2,574
17,7,3,3,611
18,7,4,1,648
19,8,5,3,685
20,8,6,1,722
21,9,8,1,796
22,9,9,2,833
23,9,10,3,870
24,10,11,2,907
25,10,12,3,944
26,11,14,3,1018
27,11,15,1,1055
28,11,16,2,1092
29,12,17,1,1129
30,12,18,2,1166
31,13,20,2,1240
32,13,1,3,537
33,13,2,1,574
34,14,3,3,611
35,14,4,1,648
36,15,6,1,722
37,15,7,2,759
38,15,8,3,796
39,16,9,2,833
40,16,10,3,870
41,17,12,3,944
42,17,13,1,981
43,17,14,2,1018
44,18,15,1,1055
45,18,16,2,1092
46,19,18,2,1166
47,19,19,3,1203
48,19,20,1,1240
49,20,1,3,537
50,20,2,1,574
51,21,4,1,648
52,21,5,2,685
53,21,6,3,722
54,22,7,2,759
55,22,8,3,796
56,23,10,3,870
57,23,11,1,907
58,23,12,2,944
59,24,13,1,981
60,24,14,2,1018
61,25,16,2,1092
62,25,17,3,1129
63,25,18,1,1166
64,26,19,3,1203
65,26,20,1,1240
66,27,2,1,574
67,27,3,2,611
68,27,4,3,648
69,28,5,2,685
70,28,6,3,722
71,29,8,3,796
72,29,9,1,833
73,29,10,2,870
74,30,11,1,907
75,30,12,2,944
76,31,14,2,1018
77,31,15,3,1055
78,31,16,1,1092
79,32,17,3,1129
80,32,18,1,1166
81,33,20,1,1240
82,33,1,2,537
83,33,2,3,574
84,34,3,2,611
85,34,4,3,648
86,35,6,3,722
87,35,7,1,759
88,35,8,2,796
89,36,9,1,833
90,36,10,2,870
91,37,12,2,944
92,37,13,3,981
93,37,14,1,1018
94,38,15,3,1055
95,38,16,1,1092
96,39,18,1,1166
97,39,19,2,1203
98,39,20,3,1240
99,40,1,2,537
100,40,2,3,574
101,41,4,3,648
102,41,5,1,685
103,41,6,2,722
104,42,7,1,759
105,42,8,2,796
106,43,10,2,870
107,43,11,3,907
108,43,12,1,944
109,44,13,3,981
110,44,14,1,1018
111,45,16,1,1092
112,45,17,2,1129
113,45,18,3,1166
114,46,19,2,1203
115,46,20,3,1240
116,47,2,3,574
117,47,3,1,611
118,47,4,2,648
119,48,5,1,685
120,48,6,2,722
121,49,8,2,796
122,49,9,3,833
123,49,10,1,870
124,50,11,3,907
125,50,12,1,944
126,51,14,1,1018
127,51,15,2,1055
128,51,16,3,1092
129,52,17,2,1129
130,52,18,3,1166
131,53,20,3,1240
132,53,1,1,537
133,53,2,2,574
134,54,3,1,611
135,54,4,2,648
136,55,6,2,722
137,55,7,3,759
138,55,8,1,796
139,56,9,3,833
140,56,10,1,870
141,57,12,1,944
142,57,13,2,981
143,57,14,3,1018
144,58,15,2,1055
145,58,16,3,1092
146,59,18,3,1166
147,59,19,1,1203
148,59,20,2,1240
149,60,1,1,537
150,60,2,2,574
151,61,4,2,648
152,61,5,3,685
153,61,6,1,722
154,62,7,3,759
155,62,8,1,796
156,63,10,1,870
157,63,11,2,907
158,63,12,3,944
159,64,13,2,981
160,64,14,3,1018
161,65,16,3,1092
162,65,17,1,1129
163,65,18,2,1166
164,66,19,1,1203
165,66,20,2,1240
166,67,2,2,574
167,67,3,3,611
168,67,4,1,648
169,68,5,3,685
170,68,6,1,722
171,69,8,1,796
172,69,9,2,833
173,69,10,3,870
174,70,11,2,907
175,70,12,3,944
176,71,14,3,1018
177,71,15,1,1055
178,71,16,2,1092
179,72,17,1,1129
180,72,18,2,1166
181,73,20,2,1240
182,73,1,3,537
183,73,2,1,574
184,74,3,3,611
185,74,4,1,648
186,75,6,1,722
187,75,7,2,759
188,75,8,3,796
189,76,9,2,833
190,76,10,3,870
191,77,12,3,944
192,77,13,1,981
193,77,14,2,1018
194,78,15,1,1055
195,78,16,2,1092
196,79,18,2,1166
197,79,19,3,1203
198,79,20,1,1240
199,80,1,3,537
200,80,2,1,574
201,81,4,1,648
202,81,5,2,685
203,81,6,3,722
204,82,7,2,759
205,82,8,3,796
206,83,10,3,870
207,83,11,1,907
208,83,12,2,944
209,84,13,1,981
210,84,14,2,1018
211,85,16,2,1092
212,85,17,3,1129
213,85,18,1,1166
214,86,19,3,1203
215,86,20,1,1240
216,87,2,1,574
217,87,3,2,611
218,87,4,3,648
219,88,5,2,685
220,88,6,3,722
221,89,8,3,796
222,89,9,1,833
223,89,10,2,870
224,90,11,1,907
225,90,12,2,944
226,91,14,2,1018
227,91,15,3,1055
228,91,16,1,1092
229,92,17,3,1129
230,92,18,1,1166
231,93,20,1,1240
232,93,1,2,537
233,93,2,3,574
234,94,3,2,611
235,94,4,3,648
236,95,6,3,722
237,95,7,1,759
238,95,8,2,796
239,96,9,1,833
240,96,10,2,870
241,97,12,2,944
242,97,13,3,981
243,97,14,1,1018
244,98,15,3,1055
245,98,16,1,1092
246,99,18,1,1166
247,99,19,2,1203
248,99,20,3,1240
249,100,1,2,537
250,100,2,3,574
251,101,4,3,648
252,101,5,1,685
253,101,6,2,722
254,102,7,1,759
255,102,8,2,796
256,103,10,2,870
257,103,11,3,907
258,103,12,1,944
259,104,13,3,981
260,104,14,1,1018
261,105,16,1,1092
262,105,17,2,1129
263,105,18,3,1166
264,106,19,2,1203
265,106,20,3,1240
266,107,2,3,574
267,107,3,1,611
268,107,4,2,648
269,108,5,1,685
270,108,6,2,722
271,109,8,2,796
272,109,9,3,833
273,109,10,1,870
274,110,11,3,907
275,110,12,1,944
276,111,14,1,1018
277,111,15,2,1055
278,111,16,3,1092
279,112,17,2,1129
280,112,18,3,1166
281,113,20,3,1240
282,113,1,1,537
283,113,2,2,574
284,114,3,1,611
285,114,4,2,648
286,115,6,2,722
287,115,7,3,759
288,115,8,1,796
289,116,9,3,833
290,116,10,1,870
291,117,12,1,944
292,117,13,2,981
293,117,14,3,1018
294,118,15,2,1055
295,118,16,3,1092
296,119,18,3,1166
297,119,19,1,1203
298,119,20,2,1240
299,120,1,1,537
300,120,2,2,574
301,121,4,2,648
302,121,5,3,685
303,121,6,1,722
304,122,7,3,759
305,122,8,1,796
306,123,10,1,870
307,123,11,2,907
308,123,12,3,944
309,124,13,2,981
310,124,14,3,1018
311,125,16,3,1092
312,125,17,1,1129
313,125,18,2,1166
314,126,19,1,1203
315,126,20,2,1240
316,127,2,2,574
317,127,3,3,611
318,127,4,1,648
319,128,5,3,685
320,128,6,1,722
321,129,8,1,796
322,129,9,2,833
323,129,10,3,870
324,130,11,2,907
325,130,12,3,944
326,131,14,3,1018
327,131,15,1,1055
328,131,16,2,1092
329,132,17,1,1129
330,132,18,2,1166
331,133,20,2,1240
332,133,1,3,537
333,133,2,1,574
334,134,3,3,611
335,134,4,1,648
336,135,6,1,722
337,135,7,2,759
338,135,8,3,796
339,136,9,2,833
340,136,10,3,870
341,137,12,3,944
342,137,13,1,981
343,137,14,2,1018
344,138,15,1,1055
345,138,16,2,1092
346,139,18,2,1166
347,139,19,3,1203
348,139,20,1,1240
349,140,1,3,537
350,140,2,1,574
351,141,4,1,648
352,141,5,2,685
353,141,6,3,722
354,142,7,2,759
355,142,8,3,796
356,143,10,3,870
357,143,11,1,907
358,143,12,2,944
359,144,13,1,981
360,144,14,2,1018
361,145,16,2,1092
362,145,17,3,1129
363,145,18,1,1166
364,146,19,3,1203
365,146,20,1,1240
366,147,2,1,574
367,147,3,2,611
368,147,4,3,648
369,148,5,2,685
370,148,6,3,722
371,149,8,3,796
372,149,9,1,833
373,149,10,2,870
374,150,11,1,907
375,150,12,2,944
376,151,14,2,1018
377,151,15,3,1055
378,151,16,1,1092
379,152,17,3,1129
380,152,18,1,1166
381,153,20,1,1240
382,153,1,2,537
383,153,2,3,574
384,154,3,2,611
385,154,4,3,648
386,155,6,3,722
387,155,7,1,759
388,155,8,2,796
389,156,9,1,833
390,156,10,2,870
391,157,12,2,944
392,157,13,3,981
393,157,14,1,1018
394,158,15,3,1055
395,158,16,1,1092
396,159,18,1,1166
397,159,19,2,1203
398,159,20,3,1240
399,160,1,2,537
400,160,2,3,574
401,161,4,3,648
402,161,5,1,685
403,161,6,2,722
404,162,7,1,759
405,162,8,2,796
406,163,10,2,870
407,163,11,3,907
408,163,12,1,944
409,164,13,3,981
410,164,14,1,1018
411,165,16,1,1092
412,165,17,2,1129
413,165,18,3,1166
414,166,19,2,1203
415,166,20,3,1240
416,167,2,3,574
417,167,3,1,611
418,167,4,2,648
419,168,5,1,685
420,168,6,2,722
421,169,8,2,796
422,169,9,3,833
423,169,10,1,870
424,170,11,3,907
425,170,12,1,944
426,171,14,1,1018
427,171,15,2,1055
428,171,16,3,1092
429,172,17,2,1129
430,172,18,3,1166
431,173,20,3,1240
432,173,1,1,537
433,173,2,2,574
434,174,3,1,611
435,174,4,2,648
436,175,6,2,722
437,175,7,3,759
438,175,8,1,796
439,176,9,3,833
440,176,10,1,870
441,177,12,1,944
442,177,13,2,981
443,177,14,3,1018
444,178,15,2,1055
445,178,16,3,1092
446,179,18,3,1166
447,179,19,1,1203
448,179,20,2,1240
449,180,1,1,537
450,180,2,2,574
451,181,4,2,648
452,181,5,3,685
453,181,6,1,722
454,182,7,3,759
455,182,8,1,796
456,183,10,1,870
457,183,11,2,907
458,183,12,3,944
459,184,13,2,981
460,184,14,3,1018
461,185,16,3,1092
462,185,17,1,1129
463,185,18,2,1166
464,186,19,1,1203
465,186,20,2,1240
466,187,2,2,574
467,187,3,3,611
468,187,4,1,648
469,188,5,3,685
470,188,6,1,722
471,189,8,1,796
472,189,9,2,833
473,189,10,3,870
474,190,11,2,907
475,190,12,3,944
476,191,14,3,1018
477,191,15,1,1055
478,191,16,2,1092
479,192,17,1,1129
480,192,18,2,1166
481,193,20,2,1240
482,193,1,3,537
483,193,2,1,574
484,194,3,3,611
485,194,4,1,648
486,195,6,1,722
487,195,7,2,759
488,195,8,3,796
489,196,9,2,833
490,196,10,3,870
491,197,12,3,944
492,197,13,1,981
493,197,14,2,1018
494,198,15,1,1055
495,198,16,2,1092
496,199,18,2,1166
497,199,19,3,1203
498,199,20,1,1240
499,200,1,3,537
500,200,2,1,574
