order_id,customer_id,order_date,status
1,8,2026-01-02,complete
2,15,2026-01-03,complete
3,22,2026-01-04,complete
4,29,2026-01-05,complete
5,36,2026-01-06,complete
6,43,2026-01-07,complete
7,5,2026-01-08,complete
8,12,2026-01-09,complete
9,19,2026-01-10,complete
10,26,2026-01-11,complete
11,33,2026-01-12,complete
12,40,2026-01-13,complete
13,2,2026-01-14,complete
14,9,2026-01-15,complete
15,16,2026-01-16,complete
16,23,2026-01-17,complete
17,30,2026-01-18,cancelled
18,37,2026-01-19,complete
19,44,2026-01-20,complete
20,6,2026-01-21,complete
21,13,2026-01-22,complete
22,20,2026-01-23,complete
23,27,2026-01-24,complete
24,34,2026-01-25,complete
25,41,2026-01-26,complete
26,3,2026-01-27,complete
27,10,2026-01-28,complete
28,17,2026-01-01,complete
29,24,2026-01-02,complete
30,31,2026-01-03,complete
31,38,2026-01-04,complete
32,45,2026-01-05,complete
33,7,2026-01-06,complete
34,14,2026-01-07,cancelled
35,21,2026-01-08,complete
36,28,2026-01-09,complete
37,35,2026-01-10,complete
38,42,2026-01-11,complete
39,4,2026-01-12,complete
40,11,2026-01-13,complete
41,18,2026-01-14,complete
42,25,2026-01-15,complete
43,32,2026-01-16,complete
44,39,2026-01-17,complete
45,1,2026-01-18,complete
46,8,2026-01-19,complete
47,15,2026-01-20,complete
48,22,2026-01-21,complete
49,29,2026-01-22,complete
50,36,2026-01-23,complete
51,43,2026-01-24,cancelled
52,5,2026-01-25,complete
53,12,2026-01-26,complete
54,19,2026-01-27,complete
55,26,2026-01-28,complete
56,33,2026-01-01,complete
57,40,2026-01-02,complete
58,2,2026-01-03,complete
59,9,2026-01-04,complete
60,16,2026-01-05,complete
61,23,2026-01-06,complete
62,30,2026-01-07,complete
63,37,2026-01-08,complete
64,44,2026-01-09,complete
65,6,2026-01-10,complete
66,13,2026-01-11,complete
67,20,2026-01-12,complete
68,27,2026-01-13,cancelled
69,34,2026-01-14,complete
70,41,2026-01-15,complete
71,3,2026-01-16,complete
72,10,2026-01-17,complete
73,17,2026-01-18,complete
74,24,2026-01-19,complete
75,31,2026-01-20,complete
76,38,2026-01-21,complete
77,45,2026-01-22,complete
78,7,2026-01-23,complete
79,14,2026-01-24,complete
80,21,2026-01-25,complete
81,28,2026-01-26,complete
82,35,2026-01-27,complete
83,42,2026-01-28,complete
84,4,2026-01-01,complete
85,11,2026-01-02,cancelled
86,18,2026-01-03,complete
87,25,2026-01-04,complete
88,32,2026-01-05,complete
89,39,2026-01-06,complete
90,1,2026-01-07,complete
91,8,2026-01-08,complete
92,15,2026-01-09,complete
93,22,2026-01-10,complete
94,29,2026-01-11,complete
95,36,2026-01-12,complete
96,43,2026-01-13,complete
97,5,2026-01-14,complete
98,12,2026-01-15,complete
99,19,2026-01-16,complete
100,26,2026-01-17,complete
101,33,2026-01-18,complete
102,40,2026-01-19,cancelled
103,2,2026-01-20,complete
104,9,2026-01-21,complete
105,16,2026-01-22,complete
106,23,2026-01-23,complete
107,30,2026-01-24,complete
108,37,2026-01-25,complete
109,44,2026-01-26,complete
110,6,2026-01-27,complete
111,13,2026-01-28,complete
112,20,2026-01-01,complete
113,27,2026-01-02,complete
114,34,2026-01-03,complete
115,41,2026-01-04,complete
116,3,2026-01-05,complete
117,10,2026-01-06,complete
118,17,2026-01-07,complete
119,24,2026-01-08,cancelled
120,31,2026-01-09,complete
121,38,2026-01-10,complete
122,45,2026-01-11,complete
123,7,2026-01-12,complete
124,14,2026-01-13,complete
125,21,2026-01-14,complete
126,28,2026-01-15,complete
127,35,2026-01-16,complete
128,42,2026-01-17,complete
129,4,2026-01-18,complete
130,11,2026-01-19,complete
131,18,2026-01-20,complete
132,25,2026-01-21,complete
133,32,2026-01-22,complete
134,39,2026-01-23,complete
135,1,2026-01-24,complete
136,8,2026-01-25,cancelled
137,15,2026-01-26,complete
138,22,2026-01-27,complete
139,29,2026-01-28,complete
140,36,2026-01-01,complete
141,43,2026-01-02,complete
142,5,2026-01-03,complete
143,12,2026-01-04,complete
144,19,2026-01-05,complete
145,26,2026-01-06,complete
146,33,2026-01-07,complete
147,40,2026-01-08,complete
148,2,2026-01-09,complete
149,9,2026-01-10,complete
150,16,2026-01-11,complete
151,23,2026-01-12,complete
152,30,2026-01-13,complete
153,37,2026-01-14,cancelled
154,44,2026-01-15,complete
155,6,2026-01-16,complete
156,13,2026-01-17,complete
157,20,2026-01-18,complete
158,27,2026-01-19,complete
159,34,2026-01-20,complete
160,41,2026-01-21,complete
161,3,2026-01-22,complete
162,10,2026-01-23,complete
163,17,2026-01-24,complete
164,24,2026-01-25,complete
165,31,2026-01-26,complete
166,38,2026-01-27,complete
167,45,2026-01-28,complete
168,7,2026-01-01,complete
169,14,2026-01-02,complete
170,21,2026-01-03,cancelled
171,28,2026-01-04,complete
172,35,2026-01-05,complete
173,42,2026-01-06,complete
174,4,2026-01-07,complete
175,11,2026-01-08,complete
176,18,2026-01-09,complete
177,25,2026-01-10,complete
178,32,2026-01-11,complete
179,39,2026-01-12,complete
180,1,2026-01-13,complete
181,8,2026-01-14,complete
182,15,2026-01-15,complete
183,22,2026-01-16,complete
184,29,2026-01-17,complete
185,36,2026-01-18,complete
186,43,2026-01-19,complete
187,5,2026-01-20,cancelled
188,12,2026-01-21,complete
189,19,2026-01-22,complete
190,26,2026-01-23,complete
191,33,2026-01-24,complete
192,40,2026-01-25,complete
193,2,2026-01-26,complete
194,9,2026-01-27,complete
195,16,2026-01-28,complete
196,23,2026-01-01,complete
197,30,2026-01-02,complete
198,37,2026-01-03,complete
199,44,2026-01-04,complete
200,6,2026-01-05,complete
